{"version":null,"displayName":"PendoPageMetrics","type":"pendo-matic","logo":"Pendo.io_logo.png","logoSmall":"pendo-icon.jpeg","metadata":[{"name":"type","dependent":false,"dependentMetadata":null,"values":[{"id":"page_statistics","name":"page_stats","attributeName":null,"referenceType":null,"dependents":null,"attributes":null,"fieldIdRef":null,"regex":false}],"apiConfig":{"api":null,"idJsonPath":null,"valueJsonPath":null,"headers":null}}],"fields":[{"id":"_change date","name":"_change date","datatype":"Number","values":null},{"id":"avgTime","name":"avgTime","datatype":"Number","values":null},{"id":"lastDay","name":"lastDay","datatype":"Datetime","values":null},{"id":"id","name":"id","datatype":"String","values":null},{"id":"numVisitors","name":"numVisitors","datatype":"Number","values":null},{"id":"numAccounts","name":"numAccounts","datatype":"Number","values":null},{"id":"pageName","name":"pageName","datatype":"String","values":null},{"id":"pageLoads","name":"pageLoads","datatype":"Number","values":null},{"id":"pageId","name":"pageId","datatype":"String","values":null}],"loginOptions":[],"idFieldName":"id","titleFieldName":"pageName","projectFieldName":"","artifactFieldName":"type","testStepsFieldName":null,"changedDateFieldName":"_change date","dateFormat":"yyyy-MM-dd","dateTimeFormat":"yyyy-MM-dd HH:mm:ss.SSS","queryDateFormat":"","queryDateFormatType":"MILLIS_SINCE_UNIX_EPOCH","iso8601DateFormat":false,"commentFieldName":null,"commentFieldId":null,"attachmentFieldName":null,"attachmentFieldId":null,"apiVersion":null,"callBackUrlConfigured":false,"callBackUrls":null,"apiProvider":"ExternalApplication","applicationType":null,"urlDescription":"","userNameDescription":"","passwordDescription":"","paginationSupported":false,"paginationAttributes":null,"status":"Active","active":true,"commentSyncSupported":false,"attachmentSyncSupported":false,"syncModel":"ReadWrite","availableRestOperations":null,"multiProjectSupported":false,"projectLoginRequired":false,"conjunctionOperator":"","global":true,"tenantList":null}