[{"schemeId":1,"schemeName":"Default","adapterType":"pendo-matic","group":null,"active":true,"adapterMetadataList":[],"requestHeaders":[],"restTemplates":{"CREATE_RECORD":{"templateId":1,"operation":"CREATE_RECORD","httpVerb":"PUT","restUrl":"api/v1/aggregation","specifications":{"Request":{"specId":2,"type":"Request","adapterType":null,"specType":null,"status":"Active","specification":null,"samplePayload":null,"contentAvailable":false,"statusCode":2},"Response":{"specId":1,"type":"Response","adapterType":null,"specType":null,"status":"Active","specification":null,"samplePayload":null,"contentAvailable":false,"statusCode":2}}},"QUERY_RECORD_BY_ID":{"templateId":3,"operation":"QUERY_RECORD_BY_ID","httpVerb":"POST","restUrl":"api/v1/aggregation","specifications":{"Response":{"specId":3,"type":"Response","adapterType":null,"specType":"JOLT","status":"Active","specification":"[\n  {\n    \"operation\": \"shift\",\n    \"spec\": { \"results\": \"results\" }\n  },\n  {\n    \"operation\": \"remove\",\n    \"spec\": { \"startTime\": \"\" }\n  },\n  {\n    \"operation\": \"shift\",\n    \"spec\": {\n      \"results\": {\n        \"*\": {\n          \"pageId\": \"id\",\n          \"*\": \"fields.&\"\n        }\n      }\n    }\n  },\n  {\n    \"operation\": \"modify-overwrite-beta\",\n    \"spec\": {\n      \"id\": \"=toString\"\n    }\n}\n]\n","samplePayload":"{\n    \"startTime\": 1696485600000,\n    \"results\": [\n        {\n            \"pageId\": \"MFHFq5p4YgI1vrbKjlxryE8WOFw\",\n            \"pageName\": \"Custom Reports\",\n            \"productArea\": \"Custom Pages\",\n            \"lastDay\": 1697004000000,\n            \"numAccounts\": 118,\n            \"numVisitors\": 1244,\n            \"pageLoads\": 3246,\n            \"totalTime\": 5439,\n            \"avgTime\": 4.372186495176849\n        }\n    ]\n}","contentAvailable":true,"statusCode":2},"Request":{"specId":4,"type":"Request","adapterType":null,"specType":"JOLT","status":"Active","specification":"[\n\n  {\n    \"operation\": \"remove\",\n    \"spec\": {\n      \"*\": \"\"\n    }\n  },\n  {\n    \"operation\": \"default\",\n    \"spec\": {\n      \"response\": {\n        \"mimeType\": \"application/json\"\n      },\n      \"request\": {\n        \"pipeline\": [\n          {\n            \"source\": {\n              \"pageEvents\": {},\n              \"timeSeries\": {\n                \"period\": \"dayRange\",\n                \"last\": \"dateAdd(startOfPeriod(\\\"daily\\\",now()),-1,\\\"days\\\")\",\n                \"first\": \"dateAdd(startOfPeriod(\\\"daily\\\",now()),-7,\\\"days\\\")\"\n              }\n            }\n      },\n          {\n            \"expand\": {\n              \"pageMetadata\": {\n                \"page\": \"pageId\"\n              }\n            }\n      },\n          {\n            \"filter\": \"pageMetadata.group.name == `Custom Pages`\"\n      },\n          {\n            \"eval\": {\n              \"productArea\": \"pageMetadata.group.name\",\n              \"pageName\": \"pageMetadata.name\"\n            }\n      },\n          {\n            \"group\": {\n              \"group\": [\n            \"pageId\",\n            \"productArea\",\n            \"pageName\"\n          ],\n              \"fields\": [\n                {\n                  \"lastDay\": {\n                    \"max\": \"day\"\n                  }\n            },\n                {\n                  \"numVisitors\": {\n                    \"count\": \"visitorId\"\n                  }\n            },\n                {\n                  \"numAccounts\": {\n                    \"countIf\": {\n                      \"count\": \"accountId\",\n                      \"if\": \"accountId != \\\"\\\"\"\n                    }\n                  }\n            },\n                {\n                  \"pageLoads\": {\n                    \"sum\": \"numEvents\"\n                  }\n            },\n                {\n                  \"totalTime\": {\n                    \"sum\": \"numMinutes\"\n                  }\n            }\n          ]\n            }\n      },\n          {\n            \"eval\": {\n              \"numVisitors\": \"if(isNil(numVisitors), 0, numVisitors)\",\n              \"numAccounts\": \"if(isNil(numAccounts), 0, numAccounts)\",\n              \"pageLoads\": \"if(isNil(pageLoads), 0, pageLoads)\",\n              \"avgTime\": \"(totalTime/numVisitors)\"\n            }\n      }\n    ]\n      }\n    }\n  },\n  {\n    \"operation\": \"modify-overwrite-beta\",\n    \"spec\": {\n      \"request\": {\n        \"pipeline\": {\n          \"2\": {\n            \"filter\": \"asdf\"\n          }\n        }\n      }\n    }\n}\n]\n","samplePayload":"{\n  \"id\": \"TP-4\",\n  \"fields\": [\n    \"summary\",\n    \"description\",\n    \"assignee\",\n    \"priority\",\n    \"reporter\",\n    \"modifiedTime\"\n  ]\n}","contentAvailable":true,"statusCode":2}}},"UPDATE_RECORD":{"templateId":4,"operation":"UPDATE_RECORD","httpVerb":"POST","restUrl":"api/v1/aggregation","specifications":{"Request":{"specId":6,"type":"Request","adapterType":null,"specType":null,"status":"Active","specification":null,"samplePayload":null,"contentAvailable":false,"statusCode":2},"Response":{"specId":5,"type":"Response","adapterType":null,"specType":null,"status":"Active","specification":null,"samplePayload":null,"contentAvailable":false,"statusCode":2}}},"QUERY_MODIFIED_RECORDS":{"templateId":2,"operation":"QUERY_MODIFIED_RECORDS","httpVerb":"POST","restUrl":"api/v1/aggregation","specifications":{"Response":{"specId":8,"type":"Response","adapterType":null,"specType":"JOLT","status":"Active","specification":"[\n  {\n    \"operation\": \"shift\",\n    \"spec\": { \"results\": \"results\" }\n  },\n  {\n    \"operation\": \"remove\",\n    \"spec\": { \"startTime\": \"\" }\n  },\n  {\n    \"operation\": \"shift\",\n    \"spec\": {\n      \"results\": {\n        \"*\": {\n          \"pageId\": \"result[&1].id\",\n          \"*\": \"result[&1].fields.&\"\n        }\n      }\n    }\n  },\n  {\n    \"operation\": \"modify-overwrite-beta\",\n    \"spec\": {\n      \"result\": {\n        \"*\": {\n          \"id\": \"=toString\"\n        }\n      },\n      \"totalrecords\": \"=size(@(1,result))\"\n    }\n},\n\n  {\n    \"operation\": \"default\",\n    \"spec\": {\n      \"totalrecords\": 0,\n      \"result\": []\n    }\n }\n]","samplePayload":"{  \n    \"results\": [   {   \"avgTime\": 3.6123778501628663,\n                       \"day\": 1695708000000,\n                       \"numAccounts\": 78,\n                       \"numVisitors\": 307,\n                       \"pageId\": \"MFHFq5p4YgI1vrbKjlxryE8WOFw\",\n                       \"pageLoads\": 618,\n                       \"pageName\": \"Custom Reports\",\n                       \"productArea\": \"Custom Pages\",\n                       \"totalTime\": 1109}\n                   ],\n   \"startTime\": 1695708000000\n}","contentAvailable":true,"statusCode":2},"Request":{"specId":7,"type":"Request","adapterType":null,"specType":"JOLT","status":"Active","specification":"[\n  {\n    \"operation\": \"remove\",\n    \"spec\": {\n      \"*\": \"\"\n    }\n  },\n  {\n    \"operation\": \"default\",\n    \"spec\": {\n      \"response\": {\n        \"mimeType\": \"application/json\"\n      },\n      \"request\": {\n        \"pipeline\": [\n          {\n            \"source\": {\n              \"pageEvents\": {},\n              \"timeSeries\": {\n                \"period\": \"dayRange\",\n                \"last\": \"dateAdd(startOfPeriod(\\\"daily\\\",now()),-1,\\\"days\\\")\",\n                \"first\": \"dateAdd(startOfPeriod(\\\"daily\\\",now()),-7,\\\"days\\\")\"\n              }\n            }\n      },\n          {\n            \"expand\": {\n              \"pageMetadata\": {\n                \"page\": \"pageId\"\n              }\n            }\n      },\n          {\n            \"filter\": \"pageMetadata.group.name == `Custom Pages`\"\n      },\n          {\n            \"eval\": {\n              \"productArea\": \"pageMetadata.group.name\",\n              \"pageName\": \"pageMetadata.name\"\n            }\n      },\n          {\n            \"group\": {\n              \"group\": [\n            \"pageId\",\n            \"productArea\",\n            \"pageName\"\n          ],\n              \"fields\": [\n                {\n                  \"_change date\": {\n                    \"min\": \"now()\"\n                  }\n            },{\n                  \"lastday\": {\n                    \"max\": \"day\"\n                  }\n            },\n                {\n                  \"numVisitors\": {\n                    \"count\": \"visitorId\"\n                  }\n            },\n                {\n                  \"numAccounts\": {\n                    \"countIf\": {\n                      \"count\": \"accountId\",\n                      \"if\": \"accountId != \\\"\\\"\"\n                    }\n                  }\n            },\n                {\n                  \"pageLoads\": {\n                    \"sum\": \"numEvents\"\n                  }\n            },\n                {\n                  \"totalTime\": {\n                    \"sum\": \"numMinutes\"\n                  }\n            }\n          ]\n            }\n      },\n          {\n            \"eval\": {\n              \"numVisitors\": \"if(isNil(numVisitors), 0, numVisitors)\",\n              \"numAccounts\": \"if(isNil(numAccounts), 0, numAccounts)\",\n              \"pageLoads\": \"if(isNil(pageLoads), 0, pageLoads)\",\n              \"avgTime\": \"(totalTime/numVisitors)\"\n            }\n      }\n    ]\n      }\n    }\n  }\n]\n","samplePayload":"{\n  \"metadata\": [\n    {\n      \"project\": {\n        \"id\": \"10001\",\n        \"name\": \"Sample\"\n      }\n    },\n    {\n      \"domain\": {\n        \"id\": \"DEFAULT\",\n        \"name\": \"DEFAULT\"\n      }\n    }\n  ],\n  \"queryFilter\": \"\",\n  \"queryFields\": [\n    \"summary\",\n    \"description\",\n    \"assignee\",\n    \"priority\",\n    \"reporter\"\n  ],\n  \"fromDate\": \"01-04-2019 11:46:00.000\",\n  \"toDate\": \"01-04-2019 11:48:00.000\"\n}","contentAvailable":true,"statusCode":2}}}},"default":true}]